date,indicator,value,unit,frequency,source
2024-06-30,CPI,96.4,Index,Quarterly,ABS
2024-06-30,CPI,96.17,Index,Quarterly,ABS
2024-06-30,CPI,96.52,Index,Quarterly,ABS
2024-09-30,CPI,96.77,Index,Quarterly,ABS
2024-09-30,CPI,96.49,Index,Quarterly,ABS
2024-09-30,CPI,96.54,Index,Quarterly,ABS
2024-12-31,CPI,96.32,Index,Quarterly,ABS
2024-12-31,CPI,96.68,Index,Quarterly,ABS
2024-12-31,CPI,97.31,Index,Quarterly,ABS
2025-03-31,CPI,97.58,Index,Quarterly,ABS
2025-03-31,CPI,97.67,Index,Quarterly,ABS
2025-03-31,CPI,97.96,Index,Quarterly,ABS
2025-06-30,CPI,98.68,Index,Quarterly,ABS
2025-06-30,CPI,98.2,Index,Quarterly,ABS
2025-06-30,CPI,98.34,Index,Quarterly,ABS
2025-09-30,CPI,99.63,Index,Quarterly,ABS
2025-09-30,CPI,99.55,Index,Quarterly,ABS
2025-09-30,CPI,100.0,Index,Quarterly,ABS
2025-12-31,CPI,99.99,Index,Quarterly,ABS
2025-12-31,CPI,100.01,Index,Quarterly,ABS
2025-12-31,CPI,100.97,Index,Quarterly,ABS
2026-03-31,CPI,101.33,Index,Quarterly,ABS
2026-03-31,CPI,101.31,Index,Quarterly,ABS
2026-03-31,CPI,102.44,Index,Quarterly,ABS
1990-02-28,Cash Rate Target,-0.5,Percent,Monthly,RBA
1990-08-31,Cash Rate Target,-1.0,Percent,Monthly,RBA
1990-10-31,Cash Rate Target,-1.0,Percent,Monthly,RBA
1990-12-31,Cash Rate Target,-1.0,Percent,Monthly,RBA
1991-04-30,Cash Rate Target,-0.5,Percent,Monthly,RBA
1991-05-31,Cash Rate Target,-1.0,Percent,Monthly,RBA
1991-09-30,Cash Rate Target,-1.0,Percent,Monthly,RBA
1991-11-30,Cash Rate Target,-1.0,Percent,Monthly,RBA
1992-01-31,Cash Rate Target,-1.0,Percent,Monthly,RBA
1992-05-31,Cash Rate Target,-1.0,Percent,Monthly,RBA
1992-07-31,Cash Rate Target,-0.75,Percent,Monthly,RBA
1993-03-31,Cash Rate Target,-0.5,Percent,Monthly,RBA
1993-07-31,Cash Rate Target,-0.5,Percent,Monthly,RBA
1994-08-31,Cash Rate Target,0.75,Percent,Monthly,RBA
1994-10-31,Cash Rate Target,1.0,Percent,Monthly,RBA
1994-12-31,Cash Rate Target,1.0,Percent,Monthly,RBA
1996-07-31,Cash Rate Target,-0.5,Percent,Monthly,RBA
1996-11-30,Cash Rate Target,-0.5,Percent,Monthly,RBA
1996-12-31,Cash Rate Target,-0.5,Percent,Monthly,RBA
1997-05-31,Cash Rate Target,-0.5,Percent,Monthly,RBA
1997-07-31,Cash Rate Target,-0.5,Percent,Monthly,RBA
1997-10-31,Cash Rate Target,0.0,Percent,Monthly,RBA
1998-12-31,Cash Rate Target,-0.25,Percent,Monthly,RBA
1999-11-30,Cash Rate Target,0.25,Percent,Monthly,RBA
2000-02-29,Cash Rate Target,0.5,Percent,Monthly,RBA
2000-04-30,Cash Rate Target,0.25,Percent,Monthly,RBA
2000-05-31,Cash Rate Target,0.25,Percent,Monthly,RBA
2000-08-31,Cash Rate Target,0.25,Percent,Monthly,RBA
2001-02-28,Cash Rate Target,-0.5,Percent,Monthly,RBA
2001-03-31,Cash Rate Target,-0.25,Percent,Monthly,RBA
2001-04-30,Cash Rate Target,-0.5,Percent,Monthly,RBA
2001-09-30,Cash Rate Target,-0.25,Percent,Monthly,RBA
2001-10-31,Cash Rate Target,-0.25,Percent,Monthly,RBA
2001-12-31,Cash Rate Target,-0.25,Percent,Monthly,RBA
2002-05-31,Cash Rate Target,0.25,Percent,Monthly,RBA
2002-06-30,Cash Rate Target,0.25,Percent,Monthly,RBA
2003-11-30,Cash Rate Target,0.25,Percent,Monthly,RBA
2003-12-31,Cash Rate Target,0.25,Percent,Monthly,RBA
2005-03-31,Cash Rate Target,0.25,Percent,Monthly,RBA
2006-05-31,Cash Rate Target,0.25,Percent,Monthly,RBA
2006-08-31,Cash Rate Target,0.25,Percent,Monthly,RBA
2006-11-30,Cash Rate Target,0.25,Percent,Monthly,RBA
2007-08-31,Cash Rate Target,0.25,Percent,Monthly,RBA
2007-11-30,Cash Rate Target,0.25,Percent,Monthly,RBA
2008-02-29,Cash Rate Target,0.25,Percent,Monthly,RBA
2008-03-31,Cash Rate Target,0.25,Percent,Monthly,RBA
2008-09-30,Cash Rate Target,-0.25,Percent,Monthly,RBA
2008-10-31,Cash Rate Target,-1.0,Percent,Monthly,RBA
2008-11-30,Cash Rate Target,-0.75,Percent,Monthly,RBA
2008-12-31,Cash Rate Target,-1.0,Percent,Monthly,RBA
2009-02-28,Cash Rate Target,-1.0,Percent,Monthly,RBA
2009-04-30,Cash Rate Target,-0.25,Percent,Monthly,RBA
2009-10-31,Cash Rate Target,0.25,Percent,Monthly,RBA
2009-11-30,Cash Rate Target,0.25,Percent,Monthly,RBA
2009-12-31,Cash Rate Target,0.25,Percent,Monthly,RBA
2010-03-31,Cash Rate Target,0.25,Percent,Monthly,RBA
2010-04-30,Cash Rate Target,0.25,Percent,Monthly,RBA
2010-05-31,Cash Rate Target,0.25,Percent,Monthly,RBA
2010-11-30,Cash Rate Target,0.25,Percent,Monthly,RBA
2011-11-30,Cash Rate Target,-0.25,Percent,Monthly,RBA
2011-12-31,Cash Rate Target,-0.25,Percent,Monthly,RBA
2012-05-31,Cash Rate Target,-0.5,Percent,Monthly,RBA
2012-06-30,Cash Rate Target,-0.25,Percent,Monthly,RBA
2012-10-31,Cash Rate Target,-0.25,Percent,Monthly,RBA
2012-12-31,Cash Rate Target,-0.25,Percent,Monthly,RBA
2013-05-31,Cash Rate Target,-0.25,Percent,Monthly,RBA
2013-08-31,Cash Rate Target,-0.25,Percent,Monthly,RBA
2015-02-28,Cash Rate Target,-0.25,Percent,Monthly,RBA
2015-05-31,Cash Rate Target,-0.25,Percent,Monthly,RBA
2016-05-31,Cash Rate Target,-0.25,Percent,Monthly,RBA
2016-08-31,Cash Rate Target,-0.25,Percent,Monthly,RBA
2019-06-30,Cash Rate Target,-0.25,Percent,Monthly,RBA
2019-07-31,Cash Rate Target,-0.25,Percent,Monthly,RBA
2019-10-31,Cash Rate Target,-0.25,Percent,Monthly,RBA
2020-03-31,Cash Rate Target,-0.25,Percent,Monthly,RBA
2020-03-31,Cash Rate Target,-0.25,Percent,Monthly,RBA
2020-11-30,Cash Rate Target,-0.15,Percent,Monthly,RBA
2022-05-31,Cash Rate Target,0.25,Percent,Monthly,RBA
2022-06-30,Cash Rate Target,0.5,Percent,Monthly,RBA
2022-07-31,Cash Rate Target,0.5,Percent,Monthly,RBA
2022-08-31,Cash Rate Target,0.5,Percent,Monthly,RBA
2022-09-30,Cash Rate Target,0.5,Percent,Monthly,RBA
2022-10-31,Cash Rate Target,0.25,Percent,Monthly,RBA
2022-11-30,Cash Rate Target,0.25,Percent,Monthly,RBA
2022-12-31,Cash Rate Target,0.25,Percent,Monthly,RBA
2023-02-28,Cash Rate Target,0.25,Percent,Monthly,RBA
2023-03-31,Cash Rate Target,0.25,Percent,Monthly,RBA
2023-05-31,Cash Rate Target,0.25,Percent,Monthly,RBA
2023-06-30,Cash Rate Target,0.25,Percent,Monthly,RBA
2023-11-30,Cash Rate Target,0.25,Percent,Monthly,RBA
2025-02-28,Cash Rate Target,-0.25,Percent,Monthly,RBA
2025-05-31,Cash Rate Target,-0.25,Percent,Monthly,RBA
2025-08-31,Cash Rate Target,-0.25,Percent,Monthly,RBA
2026-02-28,Cash Rate Target,0.25,Percent,Monthly,RBA
2026-03-31,Cash Rate Target,0.25,Percent,Monthly,RBA
2026-05-31,Cash Rate Target,0.25,Percent,Monthly,RBA
1959-12-31,GDP,1.1,$ Million,Quarterly,ABS
1960-03-31,GDP,1.3,$ Million,Quarterly,ABS
1960-06-30,GDP,1.3,$ Million,Quarterly,ABS
1960-09-30,GDP,0.9,$ Million,Quarterly,ABS
1960-12-31,GDP,0.2,$ Million,Quarterly,ABS
1961-03-31,GDP,-0.5,$ Million,Quarterly,ABS
1961-06-30,GDP,-0.7,$ Million,Quarterly,ABS
1961-09-30,GDP,-0.2,$ Million,Quarterly,ABS
1961-12-31,GDP,1.1,$ Million,Quarterly,ABS
1962-03-31,GDP,2.0,$ Million,Quarterly,ABS
1962-06-30,GDP,1.9,$ Million,Quarterly,ABS
1962-09-30,GDP,1.7,$ Million,Quarterly,ABS
1962-12-31,GDP,1.3,$ Million,Quarterly,ABS
1963-03-31,GDP,1.1,$ Million,Quarterly,ABS
1963-06-30,GDP,1.5,$ Million,Quarterly,ABS
1963-09-30,GDP,1.8,$ Million,Quarterly,ABS
1963-12-31,GDP,1.9,$ Million,Quarterly,ABS
1964-03-31,GDP,1.4,$ Million,Quarterly,ABS
1964-06-30,GDP,1.2,$ Million,Quarterly,ABS
1964-09-30,GDP,1.6,$ Million,Quarterly,ABS
1964-12-31,GDP,1.9,$ Million,Quarterly,ABS
1965-03-31,GDP,1.5,$ Million,Quarterly,ABS
1965-06-30,GDP,1.0,$ Million,Quarterly,ABS
1965-09-30,GDP,0.2,$ Million,Quarterly,ABS
1965-12-31,GDP,-0.1,$ Million,Quarterly,ABS
1966-03-31,GDP,0.4,$ Million,Quarterly,ABS
1966-06-30,GDP,1.1,$ Million,Quarterly,ABS
1966-09-30,GDP,2.0,$ Million,Quarterly,ABS
1966-12-31,GDP,2.2,$ Million,Quarterly,ABS
1967-03-31,GDP,1.9,$ Million,Quarterly,ABS
1967-06-30,GDP,1.6,$ Million,Quarterly,ABS
1967-09-30,GDP,0.9,$ Million,Quarterly,ABS
1967-12-31,GDP,0.6,$ Million,Quarterly,ABS
1968-03-31,GDP,1.0,$ Million,Quarterly,ABS
1968-06-30,GDP,1.9,$ Million,Quarterly,ABS
1968-09-30,GDP,2.5,$ Million,Quarterly,ABS
1968-12-31,GDP,2.0,$ Million,Quarterly,ABS
1969-03-31,GDP,1.2,$ Million,Quarterly,ABS
1969-06-30,GDP,1.2,$ Million,Quarterly,ABS
1969-09-30,GDP,1.7,$ Million,Quarterly,ABS
1969-12-31,GDP,2.3,$ Million,Quarterly,ABS
1970-03-31,GDP,2.1,$ Million,Quarterly,ABS
1970-06-30,GDP,1.4,$ Million,Quarterly,ABS
1970-09-30,GDP,0.7,$ Million,Quarterly,ABS
1970-12-31,GDP,0.3,$ Million,Quarterly,ABS
1971-03-31,GDP,0.8,$ Million,Quarterly,ABS
1971-06-30,GDP,1.6,$ Million,Quarterly,ABS
1971-09-30,GDP,1.1,$ Million,Quarterly,ABS
1971-12-31,GDP,0.5,$ Million,Quarterly,ABS
1972-03-31,GDP,0.1,$ Million,Quarterly,ABS
1972-06-30,GDP,0.1,$ Million,Quarterly,ABS
1972-09-30,GDP,0.8,$ Million,Quarterly,ABS
1972-12-31,GDP,1.2,$ Million,Quarterly,ABS
1973-03-31,GDP,1.2,$ Million,Quarterly,ABS
1973-06-30,GDP,1.4,$ Million,Quarterly,ABS
1973-09-30,GDP,1.4,$ Million,Quarterly,ABS
1973-12-31,GDP,1.0,$ Million,Quarterly,ABS
1974-03-31,GDP,0.2,$ Million,Quarterly,ABS
1974-06-30,GDP,-0.4,$ Million,Quarterly,ABS
1974-09-30,GDP,-0.4,$ Million,Quarterly,ABS
1974-12-31,GDP,0.6,$ Million,Quarterly,ABS
1975-03-31,GDP,1.3,$ Million,Quarterly,ABS
1975-06-30,GDP,0.7,$ Million,Quarterly,ABS
1975-09-30,GDP,0.3,$ Million,Quarterly,ABS
1975-12-31,GDP,0.5,$ Million,Quarterly,ABS
1976-03-31,GDP,1.2,$ Million,Quarterly,ABS
1976-06-30,GDP,1.7,$ Million,Quarterly,ABS
1976-09-30,GDP,0.9,$ Million,Quarterly,ABS
1976-12-31,GDP,0.3,$ Million,Quarterly,ABS
1977-03-31,GDP,0.5,$ Million,Quarterly,ABS
1977-06-30,GDP,0.2,$ Million,Quarterly,ABS
1977-09-30,GDP,0.1,$ Million,Quarterly,ABS
1977-12-31,GDP,0.0,$ Million,Quarterly,ABS
1978-03-31,GDP,0.4,$ Million,Quarterly,ABS
1978-06-30,GDP,0.9,$ Million,Quarterly,ABS
1978-09-30,GDP,1.4,$ Million,Quarterly,ABS
1978-12-31,GDP,1.4,$ Million,Quarterly,ABS
1979-03-31,GDP,0.9,$ Million,Quarterly,ABS
1979-06-30,GDP,0.4,$ Million,Quarterly,ABS
1979-09-30,GDP,0.6,$ Million,Quarterly,ABS
1979-12-31,GDP,0.9,$ Million,Quarterly,ABS
1980-03-31,GDP,0.9,$ Million,Quarterly,ABS
1980-06-30,GDP,0.5,$ Million,Quarterly,ABS
1980-09-30,GDP,0.6,$ Million,Quarterly,ABS
1980-12-31,GDP,0.9,$ Million,Quarterly,ABS
1981-03-31,GDP,1.3,$ Million,Quarterly,ABS
1981-06-30,GDP,1.4,$ Million,Quarterly,ABS
1981-09-30,GDP,1.0,$ Million,Quarterly,ABS
1981-12-31,GDP,0.3,$ Million,Quarterly,ABS
1982-03-31,GDP,-0.1,$ Million,Quarterly,ABS
1982-06-30,GDP,-0.2,$ Million,Quarterly,ABS
1982-09-30,GDP,-0.6,$ Million,Quarterly,ABS
1982-12-31,GDP,-1.2,$ Million,Quarterly,ABS
1983-03-31,GDP,-1.0,$ Million,Quarterly,ABS
1983-06-30,GDP,0.3,$ Million,Quarterly,ABS
1983-09-30,GDP,1.7,$ Million,Quarterly,ABS
1983-12-31,GDP,2.3,$ Million,Quarterly,ABS
1984-03-31,GDP,2.0,$ Million,Quarterly,ABS
1984-06-30,GDP,1.3,$ Million,Quarterly,ABS
1984-09-30,GDP,0.9,$ Million,Quarterly,ABS
1984-12-31,GDP,0.9,$ Million,Quarterly,ABS
1985-03-31,GDP,1.5,$ Million,Quarterly,ABS
1985-06-30,GDP,1.7,$ Million,Quarterly,ABS
1985-09-30,GDP,1.2,$ Million,Quarterly,ABS
1985-12-31,GDP,0.5,$ Million,Quarterly,ABS
1986-03-31,GDP,0.0,$ Million,Quarterly,ABS
1986-06-30,GDP,0.2,$ Million,Quarterly,ABS
1986-09-30,GDP,0.6,$ Million,Quarterly,ABS
1986-12-31,GDP,1.0,$ Million,Quarterly,ABS
1987-03-31,GDP,1.4,$ Million,Quarterly,ABS
1987-06-30,GDP,1.7,$ Million,Quarterly,ABS
1987-09-30,GDP,1.8,$ Million,Quarterly,ABS
1987-12-31,GDP,1.5,$ Million,Quarterly,ABS
1988-03-31,GDP,0.8,$ Million,Quarterly,ABS
1988-06-30,GDP,0.5,$ Million,Quarterly,ABS
1988-09-30,GDP,0.7,$ Million,Quarterly,ABS
1988-12-31,GDP,1.2,$ Million,Quarterly,ABS
1989-03-31,GDP,1.6,$ Million,Quarterly,ABS
1989-06-30,GDP,1.4,$ Million,Quarterly,ABS
1989-09-30,GDP,0.9,$ Million,Quarterly,ABS
1989-12-31,GDP,0.5,$ Million,Quarterly,ABS
1990-03-31,GDP,0.1,$ Million,Quarterly,ABS
1990-06-30,GDP,0.2,$ Million,Quarterly,ABS
1990-09-30,GDP,0.0,$ Million,Quarterly,ABS
1990-12-31,GDP,-0.4,$ Million,Quarterly,ABS
1991-03-31,GDP,-0.4,$ Million,Quarterly,ABS
1991-06-30,GDP,-0.3,$ Million,Quarterly,ABS
1991-09-30,GDP,0.0,$ Million,Quarterly,ABS
1991-12-31,GDP,0.4,$ Million,Quarterly,ABS
1992-03-31,GDP,0.5,$ Million,Quarterly,ABS
1992-06-30,GDP,0.9,$ Million,Quarterly,ABS
1992-09-30,GDP,1.3,$ Million,Quarterly,ABS
1992-12-31,GDP,1.4,$ Million,Quarterly,ABS
1993-03-31,GDP,1.0,$ Million,Quarterly,ABS
1993-06-30,GDP,0.5,$ Million,Quarterly,ABS
1993-09-30,GDP,0.7,$ Million,Quarterly,ABS
1993-12-31,GDP,1.3,$ Million,Quarterly,ABS
1994-03-31,GDP,1.5,$ Million,Quarterly,ABS
1994-06-30,GDP,1.4,$ Million,Quarterly,ABS
1994-09-30,GDP,0.9,$ Million,Quarterly,ABS
1994-12-31,GDP,0.5,$ Million,Quarterly,ABS
1995-03-31,GDP,0.5,$ Million,Quarterly,ABS
1995-06-30,GDP,0.8,$ Million,Quarterly,ABS
1995-09-30,GDP,1.1,$ Million,Quarterly,ABS
1995-12-31,GDP,1.1,$ Million,Quarterly,ABS
1996-03-31,GDP,0.9,$ Million,Quarterly,ABS
1996-06-30,GDP,0.8,$ Million,Quarterly,ABS
1996-09-30,GDP,0.8,$ Million,Quarterly,ABS
1996-12-31,GDP,1.0,$ Million,Quarterly,ABS
1997-03-31,GDP,1.4,$ Million,Quarterly,ABS
1997-06-30,GDP,1.5,$ Million,Quarterly,ABS
1997-09-30,GDP,1.3,$ Million,Quarterly,ABS
1997-12-31,GDP,0.9,$ Million,Quarterly,ABS
1998-03-31,GDP,0.8,$ Million,Quarterly,ABS
1998-06-30,GDP,1.3,$ Million,Quarterly,ABS
1998-09-30,GDP,1.5,$ Million,Quarterly,ABS
1998-12-31,GDP,1.4,$ Million,Quarterly,ABS
1999-03-31,GDP,0.9,$ Million,Quarterly,ABS
1999-06-30,GDP,0.8,$ Million,Quarterly,ABS
1999-09-30,GDP,1.0,$ Million,Quarterly,ABS
1999-12-31,GDP,1.2,$ Million,Quarterly,ABS
2000-03-31,GDP,1.0,$ Million,Quarterly,ABS
2000-06-30,GDP,0.6,$ Million,Quarterly,ABS
2000-09-30,GDP,0.2,$ Million,Quarterly,ABS
2000-12-31,GDP,0.2,$ Million,Quarterly,ABS
2001-03-31,GDP,0.5,$ Million,Quarterly,ABS
2001-06-30,GDP,1.0,$ Million,Quarterly,ABS
2001-09-30,GDP,1.1,$ Million,Quarterly,ABS
2001-12-31,GDP,1.1,$ Million,Quarterly,ABS
2002-03-31,GDP,1.2,$ Million,Quarterly,ABS
2002-06-30,GDP,1.0,$ Million,Quarterly,ABS
2002-09-30,GDP,0.8,$ Million,Quarterly,ABS
2002-12-31,GDP,0.5,$ Million,Quarterly,ABS
2003-03-31,GDP,0.4,$ Million,Quarterly,ABS
2003-06-30,GDP,0.8,$ Million,Quarterly,ABS
2003-09-30,GDP,1.3,$ Million,Quarterly,ABS
2003-12-31,GDP,1.4,$ Million,Quarterly,ABS
2004-03-31,GDP,1.1,$ Million,Quarterly,ABS
2004-06-30,GDP,0.7,$ Million,Quarterly,ABS
2004-09-30,GDP,0.7,$ Million,Quarterly,ABS
2004-12-31,GDP,0.7,$ Million,Quarterly,ABS
2005-03-31,GDP,0.7,$ Million,Quarterly,ABS
2005-06-30,GDP,0.8,$ Million,Quarterly,ABS
2005-09-30,GDP,0.8,$ Million,Quarterly,ABS
2005-12-31,GDP,0.6,$ Million,Quarterly,ABS
2006-03-31,GDP,0.4,$ Million,Quarterly,ABS
2006-06-30,GDP,0.5,$ Million,Quarterly,ABS
2006-09-30,GDP,1.1,$ Million,Quarterly,ABS
2006-12-31,GDP,1.3,$ Million,Quarterly,ABS
2007-03-31,GDP,1.2,$ Million,Quarterly,ABS
2007-06-30,GDP,1.0,$ Million,Quarterly,ABS
2007-09-30,GDP,0.8,$ Million,Quarterly,ABS
2007-12-31,GDP,0.8,$ Million,Quarterly,ABS
2008-03-31,GDP,0.8,$ Million,Quarterly,ABS
2008-06-30,GDP,0.5,$ Million,Quarterly,ABS
2008-09-30,GDP,0.3,$ Million,Quarterly,ABS
2008-12-31,GDP,0.3,$ Million,Quarterly,ABS
2009-03-31,GDP,0.5,$ Million,Quarterly,ABS
2009-06-30,GDP,0.6,$ Million,Quarterly,ABS
2009-09-30,GDP,0.6,$ Million,Quarterly,ABS
2009-12-31,GDP,0.5,$ Million,Quarterly,ABS
2010-03-31,GDP,0.6,$ Million,Quarterly,ABS
2010-06-30,GDP,0.7,$ Million,Quarterly,ABS
2010-09-30,GDP,0.6,$ Million,Quarterly,ABS
2010-12-31,GDP,0.5,$ Million,Quarterly,ABS
2011-03-31,GDP,0.5,$ Million,Quarterly,ABS
2011-06-30,GDP,0.8,$ Million,Quarterly,ABS
2011-09-30,GDP,1.2,$ Million,Quarterly,ABS
2011-12-31,GDP,1.3,$ Million,Quarterly,ABS
2012-03-31,GDP,1.0,$ Million,Quarterly,ABS
2012-06-30,GDP,0.8,$ Million,Quarterly,ABS
2012-09-30,GDP,0.6,$ Million,Quarterly,ABS
2012-12-31,GDP,0.5,$ Million,Quarterly,ABS
2013-03-31,GDP,0.5,$ Million,Quarterly,ABS
2013-06-30,GDP,0.5,$ Million,Quarterly,ABS
2013-09-30,GDP,0.7,$ Million,Quarterly,ABS
2013-12-31,GDP,0.8,$ Million,Quarterly,ABS
2014-03-31,GDP,0.7,$ Million,Quarterly,ABS
2014-06-30,GDP,0.5,$ Million,Quarterly,ABS
2014-09-30,GDP,0.5,$ Million,Quarterly,ABS
2014-12-31,GDP,0.5,$ Million,Quarterly,ABS
2015-03-31,GDP,0.6,$ Million,Quarterly,ABS
2015-06-30,GDP,0.6,$ Million,Quarterly,ABS
2015-09-30,GDP,0.7,$ Million,Quarterly,ABS
2015-12-31,GDP,0.8,$ Million,Quarterly,ABS
2016-03-31,GDP,0.7,$ Million,Quarterly,ABS
2016-06-30,GDP,0.6,$ Million,Quarterly,ABS
2016-09-30,GDP,0.5,$ Million,Quarterly,ABS
2016-12-31,GDP,0.5,$ Million,Quarterly,ABS
2017-03-31,GDP,0.6,$ Million,Quarterly,ABS
2017-06-30,GDP,0.6,$ Million,Quarterly,ABS
2017-09-30,GDP,0.7,$ Million,Quarterly,ABS
2017-12-31,GDP,0.8,$ Million,Quarterly,ABS
2018-03-31,GDP,0.8,$ Million,Quarterly,ABS
2018-06-30,GDP,0.7,$ Million,Quarterly,ABS
2018-09-30,GDP,0.5,$ Million,Quarterly,ABS
2018-12-31,GDP,0.4,$ Million,Quarterly,ABS
2019-03-31,GDP,0.4,$ Million,Quarterly,ABS
1978-02-28,Unemployment Rate,6.3037112,Percent,Monthly,ABS
1978-03-31,Unemployment Rate,6.2925198,Percent,Monthly,ABS
1978-04-30,Unemployment Rate,6.2773434,Percent,Monthly,ABS
1978-05-31,Unemployment Rate,6.2678432,Percent,Monthly,ABS
1978-06-30,Unemployment Rate,6.2642865,Percent,Monthly,ABS
1978-07-31,Unemployment Rate,6.2678826,Percent,Monthly,ABS
1978-08-31,Unemployment Rate,6.27622,Percent,Monthly,ABS
1978-09-30,Unemployment Rate,6.2850518,Percent,Monthly,ABS
1978-10-31,Unemployment Rate,6.2884,Percent,Monthly,ABS
1978-11-30,Unemployment Rate,6.2926281,Percent,Monthly,ABS
1978-12-31,Unemployment Rate,6.2981834,Percent,Monthly,ABS
1979-01-31,Unemployment Rate,6.3025447,Percent,Monthly,ABS
1979-02-28,Unemployment Rate,6.3053502,Percent,Monthly,ABS
1979-03-31,Unemployment Rate,6.3032327,Percent,Monthly,ABS
1979-04-30,Unemployment Rate,6.2913606,Percent,Monthly,ABS
1979-05-31,Unemployment Rate,6.2737306,Percent,Monthly,ABS
1979-06-30,Unemployment Rate,6.2503231,Percent,Monthly,ABS
1979-07-31,Unemployment Rate,6.2233322,Percent,Monthly,ABS
1979-08-31,Unemployment Rate,6.1968556,Percent,Monthly,ABS
1979-09-30,Unemployment Rate,6.172233,Percent,Monthly,ABS
1979-10-31,Unemployment Rate,6.1486426,Percent,Monthly,ABS
1979-11-30,Unemployment Rate,6.1227326,Percent,Monthly,ABS
1979-12-31,Unemployment Rate,6.0970818,Percent,Monthly,ABS
1980-01-31,Unemployment Rate,6.0844209,Percent,Monthly,ABS
1980-02-29,Unemployment Rate,6.0894055,Percent,Monthly,ABS
1980-03-31,Unemployment Rate,6.1118904,Percent,Monthly,ABS
1980-04-30,Unemployment Rate,6.1466854,Percent,Monthly,ABS
1980-05-31,Unemployment Rate,6.176797,Percent,Monthly,ABS
1980-06-30,Unemployment Rate,6.1881732,Percent,Monthly,ABS
1980-07-31,Unemployment Rate,6.175352,Percent,Monthly,ABS
1980-08-31,Unemployment Rate,6.137686,Percent,Monthly,ABS
1980-09-30,Unemployment Rate,6.0812611,Percent,Monthly,ABS
1980-10-31,Unemployment Rate,6.0170573,Percent,Monthly,ABS
1980-11-30,Unemployment Rate,5.9515943,Percent,Monthly,ABS
1980-12-31,Unemployment Rate,5.885186,Percent,Monthly,ABS
1981-01-31,Unemployment Rate,5.8126664,Percent,Monthly,ABS
1981-02-28,Unemployment Rate,5.7376865,Percent,Monthly,ABS
1981-03-31,Unemployment Rate,5.6734053,Percent,Monthly,ABS
1981-04-30,Unemployment Rate,5.6334348,Percent,Monthly,ABS
1981-05-31,Unemployment Rate,5.6268014,Percent,Monthly,ABS
1981-06-30,Unemployment Rate,5.6551753,Percent,Monthly,ABS
1981-07-31,Unemployment Rate,5.7108722,Percent,Monthly,ABS
1981-08-31,Unemployment Rate,5.7784489,Percent,Monthly,ABS
1981-09-30,Unemployment Rate,5.8453805,Percent,Monthly,ABS
1981-10-31,Unemployment Rate,5.9086553,Percent,Monthly,ABS
1981-11-30,Unemployment Rate,5.9682028,Percent,Monthly,ABS
1981-12-31,Unemployment Rate,6.0321694,Percent,Monthly,ABS
1982-01-31,Unemployment Rate,6.1065697,Percent,Monthly,ABS
1982-02-28,Unemployment Rate,6.1936816,Percent,Monthly,ABS
1982-03-31,Unemployment Rate,6.2921034,Percent,Monthly,ABS
1982-04-30,Unemployment Rate,6.4011652,Percent,Monthly,ABS
1982-05-31,Unemployment Rate,6.534599,Percent,Monthly,ABS
1982-06-30,Unemployment Rate,6.7148985,Percent,Monthly,ABS
1982-07-31,Unemployment Rate,6.9669817,Percent,Monthly,ABS
1982-08-31,Unemployment Rate,7.3044762,Percent,Monthly,ABS
1982-09-30,Unemployment Rate,7.7173452,Percent,Monthly,ABS
1982-10-31,Unemployment Rate,8.1684407,Percent,Monthly,ABS
1982-11-30,Unemployment Rate,8.6206443,Percent,Monthly,ABS
1982-12-31,Unemployment Rate,9.0455804,Percent,Monthly,ABS
1983-01-31,Unemployment Rate,9.4165545,Percent,Monthly,ABS
1983-02-28,Unemployment Rate,9.7246393,Percent,Monthly,ABS
1983-03-31,Unemployment Rate,9.968118,Percent,Monthly,ABS
1983-04-30,Unemployment Rate,10.1517295,Percent,Monthly,ABS
1983-05-31,Unemployment Rate,10.2821131,Percent,Monthly,ABS
1983-06-30,Unemployment Rate,10.3532788,Percent,Monthly,ABS
1983-07-31,Unemployment Rate,10.3519226,Percent,Monthly,ABS
1983-08-31,Unemployment Rate,10.276126,Percent,Monthly,ABS
1983-09-30,Unemployment Rate,10.1418472,Percent,Monthly,ABS
1983-10-31,Unemployment Rate,9.9705235,Percent,Monthly,ABS
1983-11-30,Unemployment Rate,9.7879093,Percent,Monthly,ABS
1983-12-31,Unemployment Rate,9.6126646,Percent,Monthly,ABS
1984-01-31,Unemployment Rate,9.4665591,Percent,Monthly,ABS
1984-02-29,Unemployment Rate,9.3554667,Percent,Monthly,ABS
1984-03-31,Unemployment Rate,9.2693273,Percent,Monthly,ABS
1984-04-30,Unemployment Rate,9.1955006,Percent,Monthly,ABS
1984-05-31,Unemployment Rate,9.1188542,Percent,Monthly,ABS
1984-06-30,Unemployment Rate,9.0342002,Percent,Monthly,ABS
1984-07-31,Unemployment Rate,8.9446453,Percent,Monthly,ABS
1984-08-31,Unemployment Rate,8.855421,Percent,Monthly,ABS
1984-09-30,Unemployment Rate,8.7632023,Percent,Monthly,ABS
1984-10-31,Unemployment Rate,8.6775584,Percent,Monthly,ABS
1984-11-30,Unemployment Rate,8.6075179,Percent,Monthly,ABS
1984-12-31,Unemployment Rate,8.5543522,Percent,Monthly,ABS
1985-01-31,Unemployment Rate,8.5200234,Percent,Monthly,ABS
1985-02-28,Unemployment Rate,8.4971269,Percent,Monthly,ABS
1985-03-31,Unemployment Rate,8.4775081,Percent,Monthly,ABS
1985-04-30,Unemployment Rate,8.449641,Percent,Monthly,ABS
1985-05-31,Unemployment Rate,8.4031915,Percent,Monthly,ABS
1985-06-30,Unemployment Rate,8.3353027,Percent,Monthly,ABS
1985-07-31,Unemployment Rate,8.2466361,Percent,Monthly,ABS
1985-08-31,Unemployment Rate,8.1405416,Percent,Monthly,ABS
1985-09-30,Unemployment Rate,8.0334827,Percent,Monthly,ABS
1985-10-31,Unemployment Rate,7.9436933,Percent,Monthly,ABS
1985-11-30,Unemployment Rate,7.881276,Percent,Monthly,ABS
1985-12-31,Unemployment Rate,7.8521221,Percent,Monthly,ABS
1986-01-31,Unemployment Rate,7.8508555,Percent,Monthly,ABS
1986-02-28,Unemployment Rate,7.8673895,Percent,Monthly,ABS
1986-03-31,Unemployment Rate,7.8987528,Percent,Monthly,ABS
1986-04-30,Unemployment Rate,7.8513838,Percent,Monthly,ABS
1986-05-31,Unemployment Rate,7.9135339,Percent,Monthly,ABS
1986-06-30,Unemployment Rate,7.9918307,Percent,Monthly,ABS
1986-07-31,Unemployment Rate,8.0822363,Percent,Monthly,ABS
1986-08-31,Unemployment Rate,8.1759861,Percent,Monthly,ABS
1986-09-30,Unemployment Rate,8.2550039,Percent,Monthly,ABS
1986-10-31,Unemployment Rate,8.3072287,Percent,Monthly,ABS
1986-11-30,Unemployment Rate,8.3335504,Percent,Monthly,ABS
1986-12-31,Unemployment Rate,8.3421542,Percent,Monthly,ABS
1987-01-31,Unemployment Rate,8.3408056,Percent,Monthly,ABS
1987-02-28,Unemployment Rate,8.3305621,Percent,Monthly,ABS
1987-03-31,Unemployment Rate,8.310341,Percent,Monthly,ABS
1987-04-30,Unemployment Rate,8.2744047,Percent,Monthly,ABS
1987-05-31,Unemployment Rate,8.2230841,Percent,Monthly,ABS
1987-06-30,Unemployment Rate,8.1626585,Percent,Monthly,ABS
1987-07-31,Unemployment Rate,8.0986799,Percent,Monthly,ABS
1987-08-31,Unemployment Rate,8.0369452,Percent,Monthly,ABS
1987-09-30,Unemployment Rate,7.9760661,Percent,Monthly,ABS
1987-10-31,Unemployment Rate,7.9047204,Percent,Monthly,ABS
1987-11-30,Unemployment Rate,7.8195213,Percent,Monthly,ABS
1987-12-31,Unemployment Rate,7.7278727,Percent,Monthly,ABS
1988-01-31,Unemployment Rate,7.6450109,Percent,Monthly,ABS
1988-02-29,Unemployment Rate,7.5799781,Percent,Monthly,ABS
1988-03-31,Unemployment Rate,7.5302843,Percent,Monthly,ABS
1988-04-30,Unemployment Rate,7.485112,Percent,Monthly,ABS
1988-05-31,Unemployment Rate,7.4261118,Percent,Monthly,ABS
1988-06-30,Unemployment Rate,7.3347883,Percent,Monthly,ABS
1988-07-31,Unemployment Rate,7.2136959,Percent,Monthly,ABS
1988-08-31,Unemployment Rate,7.0839685,Percent,Monthly,ABS
1988-09-30,Unemployment Rate,6.9686498,Percent,Monthly,ABS
1988-10-31,Unemployment Rate,6.8798147,Percent,Monthly,ABS
1988-11-30,Unemployment Rate,6.8057045,Percent,Monthly,ABS
1988-12-31,Unemployment Rate,6.7322749,Percent,Monthly,ABS
1989-01-31,Unemployment Rate,6.6456045,Percent,Monthly,ABS
1989-02-28,Unemployment Rate,6.5402262,Percent,Monthly,ABS
1989-03-31,Unemployment Rate,6.422001,Percent,Monthly,ABS
1989-04-30,Unemployment Rate,6.3012808,Percent,Monthly,ABS
1989-05-31,Unemployment Rate,6.192795,Percent,Monthly,ABS
1989-06-30,Unemployment Rate,6.1036787,Percent,Monthly,ABS
1989-07-31,Unemployment Rate,6.0294241,Percent,Monthly,ABS
1989-08-31,Unemployment Rate,5.9655806,Percent,Monthly,ABS
1989-09-30,Unemployment Rate,5.9184589,Percent,Monthly,ABS
1989-10-31,Unemployment Rate,5.8979878,Percent,Monthly,ABS
1989-11-30,Unemployment Rate,5.908969,Percent,Monthly,ABS
1989-12-31,Unemployment Rate,5.9514277,Percent,Monthly,ABS
1990-01-31,Unemployment Rate,6.0178296,Percent,Monthly,ABS
1990-02-28,Unemployment Rate,6.1092858,Percent,Monthly,ABS
1990-03-31,Unemployment Rate,6.2259731,Percent,Monthly,ABS
1990-04-30,Unemployment Rate,6.3678321,Percent,Monthly,ABS
1990-05-31,Unemployment Rate,6.5328437,Percent,Monthly,ABS
1990-06-30,Unemployment Rate,6.7235304,Percent,Monthly,ABS
1990-07-31,Unemployment Rate,6.9349708,Percent,Monthly,ABS
1990-08-31,Unemployment Rate,7.1590001,Percent,Monthly,ABS
1990-09-30,Unemployment Rate,7.3838967,Percent,Monthly,ABS
1990-10-31,Unemployment Rate,7.6154057,Percent,Monthly,ABS
1990-11-30,Unemployment Rate,7.8673929,Percent,Monthly,ABS
1990-12-31,Unemployment Rate,8.1501265,Percent,Monthly,ABS
1991-01-31,Unemployment Rate,8.4584023,Percent,Monthly,ABS
1991-02-28,Unemployment Rate,8.7710933,Percent,Monthly,ABS
1991-03-31,Unemployment Rate,9.0550298,Percent,Monthly,ABS
1991-04-30,Unemployment Rate,9.2940997,Percent,Monthly,ABS
1991-05-31,Unemployment Rate,9.4801986,Percent,Monthly,ABS
1991-06-30,Unemployment Rate,9.6140628,Percent,Monthly,ABS
1991-07-31,Unemployment Rate,9.720666,Percent,Monthly,ABS
1991-08-31,Unemployment Rate,9.8267035,Percent,Monthly,ABS
1991-09-30,Unemployment Rate,9.9450631,Percent,Monthly,ABS
1991-10-31,Unemployment Rate,10.0743425,Percent,Monthly,ABS
1991-11-30,Unemployment Rate,10.1981482,Percent,Monthly,ABS
1991-12-31,Unemployment Rate,10.30215,Percent,Monthly,ABS
1992-01-31,Unemployment Rate,10.3814604,Percent,Monthly,ABS
1992-02-29,Unemployment Rate,10.4472678,Percent,Monthly,ABS
1992-03-31,Unemployment Rate,10.5061863,Percent,Monthly,ABS
1992-04-30,Unemployment Rate,10.5620011,Percent,Monthly,ABS
1992-05-31,Unemployment Rate,10.6237948,Percent,Monthly,ABS
1992-06-30,Unemployment Rate,10.6985113,Percent,Monthly,ABS
1992-07-31,Unemployment Rate,10.7876505,Percent,Monthly,ABS
1992-08-31,Unemployment Rate,10.8858491,Percent,Monthly,ABS
1992-09-30,Unemployment Rate,10.9868395,Percent,Monthly,ABS
1992-10-31,Unemployment Rate,11.0696457,Percent,Monthly,ABS
1992-11-30,Unemployment Rate,11.1138284,Percent,Monthly,ABS
1992-12-31,Unemployment Rate,11.1052873,Percent,Monthly,ABS
1993-01-31,Unemployment Rate,11.0487916,Percent,Monthly,ABS
1993-02-28,Unemployment Rate,10.9655511,Percent,Monthly,ABS
1993-03-31,Unemployment Rate,10.8927564,Percent,Monthly,ABS
1993-04-30,Unemployment Rate,10.8576694,Percent,Monthly,ABS
1993-05-31,Unemployment Rate,10.8617397,Percent,Monthly,ABS
1993-06-30,Unemployment Rate,10.8958003,Percent,Monthly,ABS
1993-07-31,Unemployment Rate,10.9423201,Percent,Monthly,ABS
1993-08-31,Unemployment Rate,10.976654,Percent,Monthly,ABS
1993-09-30,Unemployment Rate,10.9825698,Percent,Monthly,ABS
1993-10-31,Unemployment Rate,10.9477949,Percent,Monthly,ABS
1993-11-30,Unemployment Rate,10.8727286,Percent,Monthly,ABS
1993-12-31,Unemployment Rate,10.7544033,Percent,Monthly,ABS
1994-01-31,Unemployment Rate,10.5971641,Percent,Monthly,ABS
1994-02-28,Unemployment Rate,10.4140208,Percent,Monthly,ABS
1994-03-31,Unemployment Rate,10.2258479,Percent,Monthly,ABS
1994-04-30,Unemployment Rate,10.0516843,Percent,Monthly,ABS
1994-05-31,Unemployment Rate,9.8955194,Percent,Monthly,ABS
1994-06-30,Unemployment Rate,9.7518962,Percent,Monthly,ABS
1994-07-31,Unemployment Rate,9.6135311,Percent,Monthly,ABS
1994-08-31,Unemployment Rate,9.4774067,Percent,Monthly,ABS
1994-09-30,Unemployment Rate,9.3442669,Percent,Monthly,ABS
1994-10-31,Unemployment Rate,9.2178915,Percent,Monthly,ABS
1994-11-30,Unemployment Rate,9.0948387,Percent,Monthly,ABS
1994-12-31,Unemployment Rate,8.9750798,Percent,Monthly,ABS
1995-01-31,Unemployment Rate,8.8568903,Percent,Monthly,ABS
1995-02-28,Unemployment Rate,8.7375049,Percent,Monthly,ABS
1995-03-31,Unemployment Rate,8.6190331,Percent,Monthly,ABS
1995-04-30,Unemployment Rate,8.5080651,Percent,Monthly,ABS
1995-05-31,Unemployment Rate,8.4178374,Percent,Monthly,ABS
1995-06-30,Unemployment Rate,8.3617021,Percent,Monthly,ABS
1995-07-31,Unemployment Rate,8.3327766,Percent,Monthly,ABS
1995-08-31,Unemployment Rate,8.3245219,Percent,Monthly,ABS
1995-09-30,Unemployment Rate,8.3246169,Percent,Monthly,ABS
1995-10-31,Unemployment Rate,8.3223247,Percent,Monthly,ABS
1995-11-30,Unemployment Rate,8.3238083,Percent,Monthly,ABS
1995-12-31,Unemployment Rate,8.3344099,Percent,Monthly,ABS
1996-01-31,Unemployment Rate,8.3520719,Percent,Monthly,ABS
1996-02-29,Unemployment Rate,8.3772005,Percent,Monthly,ABS
1996-03-31,Unemployment Rate,8.4089851,Percent,Monthly,ABS
1996-04-30,Unemployment Rate,8.4439272,Percent,Monthly,ABS
1996-05-31,Unemployment Rate,8.4806398,Percent,Monthly,ABS
1996-06-30,Unemployment Rate,8.5152086,Percent,Monthly,ABS
1996-07-31,Unemployment Rate,8.5466591,Percent,Monthly,ABS
1996-08-31,Unemployment Rate,8.5702796,Percent,Monthly,ABS
1996-09-30,Unemployment Rate,8.583552,Percent,Monthly,ABS
1996-10-31,Unemployment Rate,8.5913281,Percent,Monthly,ABS
1996-11-30,Unemployment Rate,8.5946871,Percent,Monthly,ABS
1996-12-31,Unemployment Rate,8.5998269,Percent,Monthly,ABS
1997-01-31,Unemployment Rate,8.6082825,Percent,Monthly,ABS
1997-02-28,Unemployment Rate,8.6109776,Percent,Monthly,ABS
1997-03-31,Unemployment Rate,8.6069269,Percent,Monthly,ABS
1997-04-30,Unemployment Rate,8.5909309,Percent,Monthly,ABS
1997-05-31,Unemployment Rate,8.553731,Percent,Monthly,ABS
1997-06-30,Unemployment Rate,8.4895653,Percent,Monthly,ABS
1997-07-31,Unemployment Rate,8.4054863,Percent,Monthly,ABS
1997-08-31,Unemployment Rate,8.3056502,Percent,Monthly,ABS
1997-09-30,Unemployment Rate,8.1965131,Percent,Monthly,ABS
1997-10-31,Unemployment Rate,8.0879155,Percent,Monthly,ABS
1997-11-30,Unemployment Rate,7.9948369,Percent,Monthly,ABS
1997-12-31,Unemployment Rate,7.9220225,Percent,Monthly,ABS
1998-01-31,Unemployment Rate,7.8714738,Percent,Monthly,ABS
1998-02-28,Unemployment Rate,7.8449028,Percent,Monthly,ABS
1998-03-31,Unemployment Rate,7.8277472,Percent,Monthly,ABS
1998-04-30,Unemployment Rate,7.815261,Percent,Monthly,ABS
1998-05-31,Unemployment Rate,7.8003685,Percent,Monthly,ABS
1998-06-30,Unemployment Rate,7.7763481,Percent,Monthly,ABS
1998-07-31,Unemployment Rate,7.7338717,Percent,Monthly,ABS
1998-08-31,Unemployment Rate,7.6673257,Percent,Monthly,ABS
1998-09-30,Unemployment Rate,7.5794787,Percent,Monthly,ABS
1998-10-31,Unemployment Rate,7.4805362,Percent,Monthly,ABS
1998-11-30,Unemployment Rate,7.3786161,Percent,Monthly,ABS
1998-12-31,Unemployment Rate,7.2845996,Percent,Monthly,ABS
1999-01-31,Unemployment Rate,7.2029552,Percent,Monthly,ABS
1999-02-28,Unemployment Rate,7.1251504,Percent,Monthly,ABS
1999-03-31,Unemployment Rate,7.0450415,Percent,Monthly,ABS
1999-04-30,Unemployment Rate,6.9699454,Percent,Monthly,ABS
1999-05-31,Unemployment Rate,6.9093234,Percent,Monthly,ABS
1999-06-30,Unemployment Rate,6.8681488,Percent,Monthly,ABS
1999-07-31,Unemployment Rate,6.8388151,Percent,Monthly,ABS
1999-08-31,Unemployment Rate,6.8191222,Percent,Monthly,ABS
1999-09-30,Unemployment Rate,6.7961966,Percent,Monthly,ABS
1999-10-31,Unemployment Rate,6.7633015,Percent,Monthly,ABS
1999-11-30,Unemployment Rate,6.7194015,Percent,Monthly,ABS
1999-12-31,Unemployment Rate,6.666144,Percent,Monthly,ABS
2000-01-31,Unemployment Rate,6.6071449,Percent,Monthly,ABS
2000-02-29,Unemployment Rate,6.5405967,Percent,Monthly,ABS
2000-03-31,Unemployment Rate,6.4610615,Percent,Monthly,ABS
2000-04-30,Unemployment Rate,6.3614242,Percent,Monthly,ABS
2000-05-31,Unemployment Rate,6.2450059,Percent,Monthly,ABS
2000-06-30,Unemployment Rate,6.1357953,Percent,Monthly,ABS
2000-07-31,Unemployment Rate,6.0600467,Percent,Monthly,ABS
2000-08-31,Unemployment Rate,6.026274,Percent,Monthly,ABS
2000-09-30,Unemployment Rate,6.033968,Percent,Monthly,ABS
2000-10-31,Unemployment Rate,6.0735646,Percent,Monthly,ABS
2000-11-30,Unemployment Rate,6.1337045,Percent,Monthly,ABS
2000-12-31,Unemployment Rate,6.2093843,Percent,Monthly,ABS
2001-01-31,Unemployment Rate,6.2984694,Percent,Monthly,ABS
2001-02-28,Unemployment Rate,6.3985886,Percent,Monthly,ABS
2001-03-31,Unemployment Rate,6.5065798,Percent,Monthly,ABS
2001-04-30,Unemployment Rate,6.7440545,Percent,Monthly,ABS
2001-05-31,Unemployment Rate,6.8239086,Percent,Monthly,ABS
2001-06-30,Unemployment Rate,6.882668,Percent,Monthly,ABS
2001-07-31,Unemployment Rate,6.917759,Percent,Monthly,ABS
2001-08-31,Unemployment Rate,6.9427819,Percent,Monthly,ABS
2001-09-30,Unemployment Rate,6.9628918,Percent,Monthly,ABS
2001-10-31,Unemployment Rate,6.9665344,Percent,Monthly,ABS
2001-11-30,Unemployment Rate,6.9386411,Percent,Monthly,ABS
2001-12-31,Unemployment Rate,6.8687624,Percent,Monthly,ABS
2002-01-31,Unemployment Rate,6.7622669,Percent,Monthly,ABS
2002-02-28,Unemployment Rate,6.6357537,Percent,Monthly,ABS
2002-03-31,Unemployment Rate,6.5120584,Percent,Monthly,ABS
2002-04-30,Unemployment Rate,6.4141902,Percent,Monthly,ABS
2002-05-31,Unemployment Rate,6.3530814,Percent,Monthly,ABS
2002-06-30,Unemployment Rate,6.3178668,Percent,Monthly,ABS
2002-07-31,Unemployment Rate,6.302914,Percent,Monthly,ABS
2002-08-31,Unemployment Rate,6.2917009,Percent,Monthly,ABS
2002-09-30,Unemployment Rate,6.265974,Percent,Monthly,ABS
2002-10-31,Unemployment Rate,6.2275169,Percent,Monthly,ABS
2002-11-30,Unemployment Rate,6.1795039,Percent,Monthly,ABS
2002-12-31,Unemployment Rate,6.130793,Percent,Monthly,ABS
2003-01-31,Unemployment Rate,6.0892417,Percent,Monthly,ABS
2003-02-28,Unemployment Rate,6.0694155,Percent,Monthly,ABS
2003-03-31,Unemployment Rate,6.070979,Percent,Monthly,ABS
2003-04-30,Unemployment Rate,6.0811923,Percent,Monthly,ABS
2003-05-31,Unemployment Rate,6.0805112,Percent,Monthly,ABS
2003-06-30,Unemployment Rate,6.0539958,Percent,Monthly,ABS
2003-07-31,Unemployment Rate,5.9979679,Percent,Monthly,ABS
2003-08-31,Unemployment Rate,5.9157092,Percent,Monthly,ABS
2003-09-30,Unemployment Rate,5.8300177,Percent,Monthly,ABS
2003-10-31,Unemployment Rate,5.751796,Percent,Monthly,ABS
2003-11-30,Unemployment Rate,5.6858451,Percent,Monthly,ABS
2003-12-31,Unemployment Rate,5.6321268,Percent,Monthly,ABS
2004-01-31,Unemployment Rate,5.5841153,Percent,Monthly,ABS
2004-02-29,Unemployment Rate,5.5355623,Percent,Monthly,ABS
2004-03-31,Unemployment Rate,5.4908675,Percent,Monthly,ABS
2004-04-30,Unemployment Rate,5.4633113,Percent,Monthly,ABS
2004-05-31,Unemployment Rate,5.4511541,Percent,Monthly,ABS
2004-06-30,Unemployment Rate,5.448586,Percent,Monthly,ABS
2004-07-31,Unemployment Rate,5.4370884,Percent,Monthly,ABS
2004-08-31,Unemployment Rate,5.4034517,Percent,Monthly,ABS
2004-09-30,Unemployment Rate,5.3439777,Percent,Monthly,ABS
2004-10-31,Unemployment Rate,5.2666822,Percent,Monthly,ABS
2004-11-30,Unemployment Rate,5.192765,Percent,Monthly,ABS
2004-12-31,Unemployment Rate,5.1376888,Percent,Monthly,ABS
2005-01-31,Unemployment Rate,5.1099278,Percent,Monthly,ABS
2005-02-28,Unemployment Rate,5.1014848,Percent,Monthly,ABS
2005-03-31,Unemployment Rate,5.0966245,Percent,Monthly,ABS
2005-04-30,Unemployment Rate,5.08056,Percent,Monthly,ABS
2005-05-31,Unemployment Rate,5.0520176,Percent,Monthly,ABS
2005-06-30,Unemployment Rate,5.0144121,Percent,Monthly,ABS
2005-07-31,Unemployment Rate,4.9780544,Percent,Monthly,ABS
2005-08-31,Unemployment Rate,4.9588955,Percent,Monthly,ABS
2005-09-30,Unemployment Rate,4.9674705,Percent,Monthly,ABS
2005-10-31,Unemployment Rate,4.9991276,Percent,Monthly,ABS
2005-11-30,Unemployment Rate,5.0363098,Percent,Monthly,ABS
2005-12-31,Unemployment Rate,5.0598735,Percent,Monthly,ABS
2006-01-31,Unemployment Rate,5.0564877,Percent,Monthly,ABS
2006-02-28,Unemployment Rate,5.0219264,Percent,Monthly,ABS
2006-03-31,Unemployment Rate,4.9603177,Percent,Monthly,ABS
2006-04-30,Unemployment Rate,4.887623,Percent,Monthly,ABS
2006-05-31,Unemployment Rate,4.8167528,Percent,Monthly,ABS
2006-06-30,Unemployment Rate,4.7561259,Percent,Monthly,ABS
2006-07-31,Unemployment Rate,4.7070341,Percent,Monthly,ABS
2006-08-31,Unemployment Rate,4.6629309,Percent,Monthly,ABS
2006-09-30,Unemployment Rate,4.6208683,Percent,Monthly,ABS
2006-10-31,Unemployment Rate,4.5842105,Percent,Monthly,ABS
2006-11-30,Unemployment Rate,4.5598669,Percent,Monthly,ABS
2006-12-31,Unemployment Rate,4.5406454,Percent,Monthly,ABS
2007-01-31,Unemployment Rate,4.5202318,Percent,Monthly,ABS
2007-02-28,Unemployment Rate,4.4912312,Percent,Monthly,ABS
2007-03-31,Unemployment Rate,4.450503,Percent,Monthly,ABS
2007-04-30,Unemployment Rate,4.3978651,Percent,Monthly,ABS
2007-05-31,Unemployment Rate,4.3434256,Percent,Monthly,ABS
2007-06-30,Unemployment Rate,4.3010024,Percent,Monthly,ABS
2007-07-31,Unemployment Rate,4.2761449,Percent,Monthly,ABS
2007-08-31,Unemployment Rate,4.2678342,Percent,Monthly,ABS
2007-09-30,Unemployment Rate,4.269071,Percent,Monthly,ABS
2007-10-31,Unemployment Rate,4.2675448,Percent,Monthly,ABS
2007-11-30,Unemployment Rate,4.2527027,Percent,Monthly,ABS
2007-12-31,Unemployment Rate,4.2252695,Percent,Monthly,ABS
2008-01-31,Unemployment Rate,4.1943288,Percent,Monthly,ABS
2008-02-29,Unemployment Rate,4.170112,Percent,Monthly,ABS
2008-03-31,Unemployment Rate,4.1596762,Percent,Monthly,ABS
2008-04-30,Unemployment Rate,4.1628058,Percent,Monthly,ABS
2008-05-31,Unemployment Rate,4.1724013,Percent,Monthly,ABS
2008-06-30,Unemployment Rate,4.1838415,Percent,Monthly,ABS
2008-07-31,Unemployment Rate,4.1978836,Percent,Monthly,ABS
2008-08-31,Unemployment Rate,4.228469,Percent,Monthly,ABS
2008-09-30,Unemployment Rate,4.2884789,Percent,Monthly,ABS
2008-10-31,Unemployment Rate,4.3964242,Percent,Monthly,ABS
2008-11-30,Unemployment Rate,4.5566157,Percent,Monthly,ABS
2008-12-31,Unemployment Rate,4.759013,Percent,Monthly,ABS
2009-01-31,Unemployment Rate,4.9876952,Percent,Monthly,ABS
2009-02-28,Unemployment Rate,5.2176969,Percent,Monthly,ABS
2009-03-31,Unemployment Rate,5.4264142,Percent,Monthly,ABS
2009-04-30,Unemployment Rate,5.5943668,Percent,Monthly,ABS
2009-05-31,Unemployment Rate,5.7080694,Percent,Monthly,ABS
2009-06-30,Unemployment Rate,5.7652165,Percent,Monthly,ABS
2009-07-31,Unemployment Rate,5.7728183,Percent,Monthly,ABS
2009-08-31,Unemployment Rate,5.7441633,Percent,Monthly,ABS
2009-09-30,Unemployment Rate,5.6909748,Percent,Monthly,ABS
2009-10-31,Unemployment Rate,5.6227943,Percent,Monthly,ABS
2009-11-30,Unemployment Rate,5.5502892,Percent,Monthly,ABS
2009-12-31,Unemployment Rate,5.4901448,Percent,Monthly,ABS
2010-01-31,Unemployment Rate,5.4392918,Percent,Monthly,ABS
2010-02-28,Unemployment Rate,5.4001159,Percent,Monthly,ABS
2010-03-31,Unemployment Rate,5.3680721,Percent,Monthly,ABS
2010-04-30,Unemployment Rate,5.328805,Percent,Monthly,ABS
2010-05-31,Unemployment Rate,5.2826578,Percent,Monthly,ABS
2010-06-30,Unemployment Rate,5.2363005,Percent,Monthly,ABS
2010-07-31,Unemployment Rate,5.1940209,Percent,Monthly,ABS
2010-08-31,Unemployment Rate,5.1557994,Percent,Monthly,ABS
2010-09-30,Unemployment Rate,5.125136,Percent,Monthly,ABS
2010-10-31,Unemployment Rate,5.0992124,Percent,Monthly,ABS
2010-11-30,Unemployment Rate,5.0719936,Percent,Monthly,ABS
2010-12-31,Unemployment Rate,5.0419734,Percent,Monthly,ABS
2011-01-31,Unemployment Rate,5.0146664,Percent,Monthly,ABS
2011-02-28,Unemployment Rate,4.9921406,Percent,Monthly,ABS
2011-03-31,Unemployment Rate,4.9790205,Percent,Monthly,ABS
2011-04-30,Unemployment Rate,4.9855081,Percent,Monthly,ABS
2011-05-31,Unemployment Rate,5.0111338,Percent,Monthly,ABS
2011-06-30,Unemployment Rate,5.0527059,Percent,Monthly,ABS
2011-07-31,Unemployment Rate,5.1131998,Percent,Monthly,ABS
2011-08-31,Unemployment Rate,5.1813019,Percent,Monthly,ABS
2011-09-30,Unemployment Rate,5.235161,Percent,Monthly,ABS
2011-10-31,Unemployment Rate,5.2628313,Percent,Monthly,ABS
2011-11-30,Unemployment Rate,5.2586146,Percent,Monthly,ABS
2011-12-31,Unemployment Rate,5.2253804,Percent,Monthly,ABS
2012-01-31,Unemployment Rate,5.1824323,Percent,Monthly,ABS
2012-02-29,Unemployment Rate,5.1485788,Percent,Monthly,ABS
2012-03-31,Unemployment Rate,5.1329704,Percent,Monthly,ABS
2012-04-30,Unemployment Rate,5.1391426,Percent,Monthly,ABS
2012-05-31,Unemployment Rate,5.1672028,Percent,Monthly,ABS
2012-06-30,Unemployment Rate,5.2056228,Percent,Monthly,ABS
2012-07-31,Unemployment Rate,5.2443408,Percent,Monthly,ABS
2012-08-31,Unemployment Rate,5.2789867,Percent,Monthly,ABS
2012-09-30,Unemployment Rate,5.3066567,Percent,Monthly,ABS
2012-10-31,Unemployment Rate,5.327682,Percent,Monthly,ABS
2012-11-30,Unemployment Rate,5.3527276,Percent,Monthly,ABS
2012-12-31,Unemployment Rate,5.3909082,Percent,Monthly,ABS
2013-01-31,Unemployment Rate,5.4399175,Percent,Monthly,ABS
2013-02-28,Unemployment Rate,5.4952066,Percent,Monthly,ABS
2013-03-31,Unemployment Rate,5.5544486,Percent,Monthly,ABS
2013-04-30,Unemployment Rate,5.6063088,Percent,Monthly,ABS
2013-05-31,Unemployment Rate,5.6452538,Percent,Monthly,ABS
2013-06-30,Unemployment Rate,5.6723531,Percent,Monthly,ABS
2013-07-31,Unemployment Rate,5.6973421,Percent,Monthly,ABS
2013-08-31,Unemployment Rate,5.7261823,Percent,Monthly,ABS
2013-09-30,Unemployment Rate,5.7641003,Percent,Monthly,ABS
2013-10-31,Unemployment Rate,5.8056642,Percent,Monthly,ABS
2013-11-30,Unemployment Rate,5.8369783,Percent,Monthly,ABS
2013-12-31,Unemployment Rate,5.8500959,Percent,Monthly,ABS
2014-01-31,Unemployment Rate,5.8461988,Percent,Monthly,ABS
2014-02-28,Unemployment Rate,5.837321,Percent,Monthly,ABS
2014-03-31,Unemployment Rate,5.8387678,Percent,Monthly,ABS
2014-04-30,Unemployment Rate,5.8626484,Percent,Monthly,ABS
2014-05-31,Unemployment Rate,5.9199735,Percent,Monthly,ABS
2014-06-30,Unemployment Rate,6.0053666,Percent,Monthly,ABS
2014-07-31,Unemployment Rate,6.1004629,Percent,Monthly,ABS
2014-08-31,Unemployment Rate,6.1857182,Percent,Monthly,ABS
2014-09-30,Unemployment Rate,6.2503136,Percent,Monthly,ABS
2014-10-31,Unemployment Rate,6.2857242,Percent,Monthly,ABS
2014-11-30,Unemployment Rate,6.2930202,Percent,Monthly,ABS
2014-12-31,Unemployment Rate,6.2748934,Percent,Monthly,ABS
2015-01-31,Unemployment Rate,6.2369133,Percent,Monthly,ABS
2015-02-28,Unemployment Rate,6.189637,Percent,Monthly,ABS
2015-03-31,Unemployment Rate,6.1450046,Percent,Monthly,ABS
2015-04-30,Unemployment Rate,6.1141071,Percent,Monthly,ABS
2015-05-31,Unemployment Rate,6.0956642,Percent,Monthly,ABS
2015-06-30,Unemployment Rate,6.0831009,Percent,Monthly,ABS
2015-07-31,Unemployment Rate,6.0658827,Percent,Monthly,ABS
2015-08-31,Unemployment Rate,6.036746,Percent,Monthly,ABS
2015-09-30,Unemployment Rate,5.991468,Percent,Monthly,ABS
2015-10-31,Unemployment Rate,5.9351059,Percent,Monthly,ABS
2015-11-30,Unemployment Rate,5.8728514,Percent,Monthly,ABS
2015-12-31,Unemployment Rate,5.8136047,Percent,Monthly,ABS
2016-01-31,Unemployment Rate,5.7658413,Percent,Monthly,ABS
2016-02-29,Unemployment Rate,5.7291507,Percent,Monthly,ABS
2016-03-31,Unemployment Rate,5.7002729,Percent,Monthly,ABS
2016-04-30,Unemployment Rate,5.678967,Percent,Monthly,ABS
2016-05-31,Unemployment Rate,5.6598119,Percent,Monthly,ABS
2016-06-30,Unemployment Rate,5.6435367,Percent,Monthly,ABS
2016-07-31,Unemployment Rate,5.636955,Percent,Monthly,ABS
2016-08-31,Unemployment Rate,5.6412034,Percent,Monthly,ABS
2016-09-30,Unemployment Rate,5.6551514,Percent,Monthly,ABS
2016-10-31,Unemployment Rate,5.6873875,Percent,Monthly,ABS
2016-11-30,Unemployment Rate,5.7348358,Percent,Monthly,ABS
2016-12-31,Unemployment Rate,5.7805756,Percent,Monthly,ABS
2017-01-31,Unemployment Rate,5.804146,Percent,Monthly,ABS
2017-02-28,Unemployment Rate,5.8008264,Percent,Monthly,ABS
2017-03-31,Unemployment Rate,5.7709446,Percent,Monthly,ABS
2017-04-30,Unemployment Rate,5.7233869,Percent,Monthly,ABS
2017-05-31,Unemployment Rate,5.6687671,Percent,Monthly,ABS
2017-06-30,Unemployment Rate,5.6145957,Percent,Monthly,ABS
2017-07-31,Unemployment Rate,5.5647486,Percent,Monthly,ABS
2017-08-31,Unemployment Rate,5.527522,Percent,Monthly,ABS
2017-09-30,Unemployment Rate,5.5081442,Percent,Monthly,ABS
2017-10-31,Unemployment Rate,5.4986309,Percent,Monthly,ABS
2017-11-30,Unemployment Rate,5.4979425,Percent,Monthly,ABS
2017-12-31,Unemployment Rate,5.5094927,Percent,Monthly,ABS
2018-01-31,Unemployment Rate,5.524898,Percent,Monthly,ABS
2018-02-28,Unemployment Rate,5.5311933,Percent,Monthly,ABS
2018-03-31,Unemployment Rate,5.5203258,Percent,Monthly,ABS
2018-04-30,Unemployment Rate,5.4902489,Percent,Monthly,ABS
2018-05-31,Unemployment Rate,5.441589,Percent,Monthly,ABS
2018-06-30,Unemployment Rate,5.3824855,Percent,Monthly,ABS
2018-07-31,Unemployment Rate,5.3154556,Percent,Monthly,ABS
2018-08-31,Unemployment Rate,5.2423053,Percent,Monthly,ABS
2018-09-30,Unemployment Rate,5.1705862,Percent,Monthly,ABS
2018-10-31,Unemployment Rate,5.1069751,Percent,Monthly,ABS
2018-11-30,Unemployment Rate,5.0597771,Percent,Monthly,ABS
2018-12-31,Unemployment Rate,5.0315087,Percent,Monthly,ABS
2019-01-31,Unemployment Rate,5.0267479,Percent,Monthly,ABS
2019-02-28,Unemployment Rate,5.045701,Percent,Monthly,ABS
2019-03-31,Unemployment Rate,5.0829775,Percent,Monthly,ABS
2019-04-30,Unemployment Rate,5.13008,Percent,Monthly,ABS
2019-05-31,Unemployment Rate,5.1804183,Percent,Monthly,ABS
2019-06-30,Unemployment Rate,5.2252805,Percent,Monthly,ABS
2019-07-31,Unemployment Rate,5.2542876,Percent,Monthly,ABS
2019-08-31,Unemployment Rate,5.2609427,Percent,Monthly,ABS
2019-09-30,Unemployment Rate,5.2466806,Percent,Monthly,ABS
2019-10-31,Unemployment Rate,5.2173458,Percent,Monthly,ABS
2019-11-30,Unemployment Rate,5.1831054,Percent,Monthly,ABS
2019-12-31,Unemployment Rate,5.1577414,Percent,Monthly,ABS
2020-01-31,Unemployment Rate,5.1613733,Percent,Monthly,ABS
2020-02-29,Unemployment Rate,5.2016076,Percent,Monthly,ABS
2020-03-31,Unemployment Rate,5.2751683,Percent,Monthly,ABS
2020-04-30,Unemployment Rate,6.7348658,Percent,Monthly,ABS
2020-05-31,Unemployment Rate,6.8504996,Percent,Monthly,ABS
2020-06-30,Unemployment Rate,6.8843814,Percent,Monthly,ABS
2020-07-31,Unemployment Rate,6.9351628,Percent,Monthly,ABS
2020-08-31,Unemployment Rate,6.8921752,Percent,Monthly,ABS
2020-09-30,Unemployment Rate,6.8445815,Percent,Monthly,ABS
2020-10-31,Unemployment Rate,6.7517844,Percent,Monthly,ABS
2020-11-30,Unemployment Rate,6.6230913,Percent,Monthly,ABS
2020-12-31,Unemployment Rate,6.4396996,Percent,Monthly,ABS
2021-01-31,Unemployment Rate,6.2835352,Percent,Monthly,ABS
2021-02-28,Unemployment Rate,5.8728816,Percent,Monthly,ABS
2021-03-31,Unemployment Rate,5.6245772,Percent,Monthly,ABS
2021-04-30,Unemployment Rate,5.4379981,Percent,Monthly,ABS
2021-05-31,Unemployment Rate,5.2494845,Percent,Monthly,ABS
2021-06-30,Unemployment Rate,5.0753759,Percent,Monthly,ABS
2021-07-31,Unemployment Rate,4.868719,Percent,Monthly,ABS
2021-08-31,Unemployment Rate,4.7431608,Percent,Monthly,ABS
2021-09-30,Unemployment Rate,4.6467813,Percent,Monthly,ABS
2021-10-31,Unemployment Rate,4.6177163,Percent,Monthly,ABS
2021-11-30,Unemployment Rate,4.5562861,Percent,Monthly,ABS
2021-12-31,Unemployment Rate,4.3016268,Percent,Monthly,ABS
2022-01-31,Unemployment Rate,4.0791756,Percent,Monthly,ABS
2022-02-28,Unemployment Rate,4.0176657,Percent,Monthly,ABS
2022-03-31,Unemployment Rate,3.9442802,Percent,Monthly,ABS
2022-04-30,Unemployment Rate,3.8552287,Percent,Monthly,ABS
2022-05-31,Unemployment Rate,3.75561,Percent,Monthly,ABS
2022-06-30,Unemployment Rate,3.6556045,Percent,Monthly,ABS
2022-07-31,Unemployment Rate,3.5674019,Percent,Monthly,ABS
2022-08-31,Unemployment Rate,3.5096033,Percent,Monthly,ABS
2022-09-30,Unemployment Rate,3.4863668,Percent,Monthly,ABS
2022-10-31,Unemployment Rate,3.4927116,Percent,Monthly,ABS
2022-11-30,Unemployment Rate,3.5160644,Percent,Monthly,ABS
2022-12-31,Unemployment Rate,3.5446706,Percent,Monthly,ABS
2023-01-31,Unemployment Rate,3.5644823,Percent,Monthly,ABS
2023-02-28,Unemployment Rate,3.5755371,Percent,Monthly,ABS
2023-03-31,Unemployment Rate,3.5832898,Percent,Monthly,ABS
2023-04-30,Unemployment Rate,3.5904342,Percent,Monthly,ABS
2023-05-31,Unemployment Rate,3.5995489,Percent,Monthly,ABS
2023-06-30,Unemployment Rate,3.6148059,Percent,Monthly,ABS
2023-07-31,Unemployment Rate,3.6398237,Percent,Monthly,ABS
2023-08-31,Unemployment Rate,3.6795498,Percent,Monthly,ABS
2023-09-30,Unemployment Rate,3.7312697,Percent,Monthly,ABS
2023-10-31,Unemployment Rate,3.7879885,Percent,Monthly,ABS
2023-11-30,Unemployment Rate,3.8413142,Percent,Monthly,ABS
2023-12-31,Unemployment Rate,3.8877642,Percent,Monthly,ABS
2024-01-31,Unemployment Rate,3.9243518,Percent,Monthly,ABS
2024-02-29,Unemployment Rate,3.9506979,Percent,Monthly,ABS
2024-03-31,Unemployment Rate,3.9719456,Percent,Monthly,ABS
2024-04-30,Unemployment Rate,3.9969019,Percent,Monthly,ABS
2024-05-31,Unemployment Rate,4.0307501,Percent,Monthly,ABS
2024-06-30,Unemployment Rate,4.0634281,Percent,Monthly,ABS
2024-07-31,Unemployment Rate,4.0830371,Percent,Monthly,ABS
2024-08-31,Unemployment Rate,4.0826049,Percent,Monthly,ABS
2024-09-30,Unemployment Rate,4.0670615,Percent,Monthly,ABS
2024-10-31,Unemployment Rate,4.0477269,Percent,Monthly,ABS
2024-11-30,Unemployment Rate,4.031408,Percent,Monthly,ABS
2024-12-31,Unemployment Rate,4.0197366,Percent,Monthly,ABS
2025-01-31,Unemployment Rate,4.0204038,Percent,Monthly,ABS
2025-02-28,Unemployment Rate,4.0390059,Percent,Monthly,ABS
2025-03-31,Unemployment Rate,4.0717834,Percent,Monthly,ABS
2025-04-30,Unemployment Rate,4.1142547,Percent,Monthly,ABS
2025-05-31,Unemployment Rate,4.1643994,Percent,Monthly,ABS
2025-06-30,Unemployment Rate,4.2178614,Percent,Monthly,ABS
2025-07-31,Unemployment Rate,4.2684893,Percent,Monthly,ABS
2025-08-31,Unemployment Rate,4.3043147,Percent,Monthly,ABS
2025-09-30,Unemployment Rate,4.32146,Percent,Monthly,ABS
2025-10-31,Unemployment Rate,4.3203587,Percent,Monthly,ABS
2025-11-30,Unemployment Rate,4.3077704,Percent,Monthly,ABS
2025-12-31,Unemployment Rate,4.2908488,Percent,Monthly,ABS
2026-01-31,Unemployment Rate,4.2750714,Percent,Monthly,ABS
2026-02-28,Unemployment Rate,4.2617587,Percent,Monthly,ABS
2026-03-31,Unemployment Rate,4.252342,Percent,Monthly,ABS
1997-09-30,Wage Price Index,67.4,Index,Quarterly,ABS
1997-12-31,Wage Price Index,67.9,Index,Quarterly,ABS
1998-03-31,Wage Price Index,68.5,Index,Quarterly,ABS
1998-06-30,Wage Price Index,68.8,Index,Quarterly,ABS
1998-09-30,Wage Price Index,69.6,Index,Quarterly,ABS
1998-12-31,Wage Price Index,70.0,Index,Quarterly,ABS
1999-03-31,Wage Price Index,70.4,Index,Quarterly,ABS
1999-06-30,Wage Price Index,70.8,Index,Quarterly,ABS
1999-09-30,Wage Price Index,71.5,Index,Quarterly,ABS
1999-12-31,Wage Price Index,71.9,Index,Quarterly,ABS
2000-03-31,Wage Price Index,72.4,Index,Quarterly,ABS
2000-06-30,Wage Price Index,72.9,Index,Quarterly,ABS
2000-09-30,Wage Price Index,73.8,Index,Quarterly,ABS
2000-12-31,Wage Price Index,74.4,Index,Quarterly,ABS
2001-03-31,Wage Price Index,75.1,Index,Quarterly,ABS
2001-06-30,Wage Price Index,75.5,Index,Quarterly,ABS
2001-09-30,Wage Price Index,76.4,Index,Quarterly,ABS
2001-12-31,Wage Price Index,76.9,Index,Quarterly,ABS
2002-03-31,Wage Price Index,77.4,Index,Quarterly,ABS
2002-06-30,Wage Price Index,77.9,Index,Quarterly,ABS
2002-09-30,Wage Price Index,79.0,Index,Quarterly,ABS
2002-12-31,Wage Price Index,79.5,Index,Quarterly,ABS
2003-03-31,Wage Price Index,80.1,Index,Quarterly,ABS
2003-06-30,Wage Price Index,80.5,Index,Quarterly,ABS
2003-09-30,Wage Price Index,81.4,Index,Quarterly,ABS
2003-12-31,Wage Price Index,82.2,Index,Quarterly,ABS
2004-03-31,Wage Price Index,82.7,Index,Quarterly,ABS
2004-06-30,Wage Price Index,83.2,Index,Quarterly,ABS
2004-09-30,Wage Price Index,84.3,Index,Quarterly,ABS
2004-12-31,Wage Price Index,85.1,Index,Quarterly,ABS
2005-03-31,Wage Price Index,85.8,Index,Quarterly,ABS
2005-06-30,Wage Price Index,86.5,Index,Quarterly,ABS
2005-09-30,Wage Price Index,87.6,Index,Quarterly,ABS
2005-12-31,Wage Price Index,88.4,Index,Quarterly,ABS
2006-03-31,Wage Price Index,89.3,Index,Quarterly,ABS
2006-06-30,Wage Price Index,90.0,Index,Quarterly,ABS
2006-09-30,Wage Price Index,90.9,Index,Quarterly,ABS
2006-12-31,Wage Price Index,91.7,Index,Quarterly,ABS
2007-03-31,Wage Price Index,92.7,Index,Quarterly,ABS
2007-06-30,Wage Price Index,93.5,Index,Quarterly,ABS
2007-09-30,Wage Price Index,94.7,Index,Quarterly,ABS
2007-12-31,Wage Price Index,95.7,Index,Quarterly,ABS
2008-03-31,Wage Price Index,96.6,Index,Quarterly,ABS
2008-06-30,Wage Price Index,97.6,Index,Quarterly,ABS
2008-09-30,Wage Price Index,98.7,Index,Quarterly,ABS
2008-12-31,Wage Price Index,99.8,Index,Quarterly,ABS
2009-03-31,Wage Price Index,100.5,Index,Quarterly,ABS
2009-06-30,Wage Price Index,101.0,Index,Quarterly,ABS
2009-09-30,Wage Price Index,101.8,Index,Quarterly,ABS
2009-12-31,Wage Price Index,102.3,Index,Quarterly,ABS
2010-03-31,Wage Price Index,103.1,Index,Quarterly,ABS
2010-06-30,Wage Price Index,103.8,Index,Quarterly,ABS
2010-09-30,Wage Price Index,105.4,Index,Quarterly,ABS
2010-12-31,Wage Price Index,106.3,Index,Quarterly,ABS
2011-03-31,Wage Price Index,107.2,Index,Quarterly,ABS
2011-06-30,Wage Price Index,107.8,Index,Quarterly,ABS
2011-09-30,Wage Price Index,109.3,Index,Quarterly,ABS
2011-12-31,Wage Price Index,110.3,Index,Quarterly,ABS
2012-03-31,Wage Price Index,111.2,Index,Quarterly,ABS
2012-06-30,Wage Price Index,112.0,Index,Quarterly,ABS
2012-09-30,Wage Price Index,113.3,Index,Quarterly,ABS
2012-12-31,Wage Price Index,114.1,Index,Quarterly,ABS
2013-03-31,Wage Price Index,114.7,Index,Quarterly,ABS
2013-06-30,Wage Price Index,115.3,Index,Quarterly,ABS
2013-09-30,Wage Price Index,116.4,Index,Quarterly,ABS
2013-12-31,Wage Price Index,117.0,Index,Quarterly,ABS
2014-03-31,Wage Price Index,117.7,Index,Quarterly,ABS
2014-06-30,Wage Price Index,118.2,Index,Quarterly,ABS
2014-09-30,Wage Price Index,119.3,Index,Quarterly,ABS
2014-12-31,Wage Price Index,119.9,Index,Quarterly,ABS
2015-03-31,Wage Price Index,120.3,Index,Quarterly,ABS
2015-06-30,Wage Price Index,120.8,Index,Quarterly,ABS
2015-09-30,Wage Price Index,121.8,Index,Quarterly,ABS
2015-12-31,Wage Price Index,122.3,Index,Quarterly,ABS
2016-03-31,Wage Price Index,122.7,Index,Quarterly,ABS
2016-06-30,Wage Price Index,123.1,Index,Quarterly,ABS
2016-09-30,Wage Price Index,124.1,Index,Quarterly,ABS
2016-12-31,Wage Price Index,124.5,Index,Quarterly,ABS
2017-03-31,Wage Price Index,124.9,Index,Quarterly,ABS
2017-06-30,Wage Price Index,125.4,Index,Quarterly,ABS
2017-09-30,Wage Price Index,126.4,Index,Quarterly,ABS
2017-12-31,Wage Price Index,126.9,Index,Quarterly,ABS
2018-03-31,Wage Price Index,127.4,Index,Quarterly,ABS
2018-06-30,Wage Price Index,127.9,Index,Quarterly,ABS
2018-09-30,Wage Price Index,129.2,Index,Quarterly,ABS
2018-12-31,Wage Price Index,129.8,Index,Quarterly,ABS
2019-03-31,Wage Price Index,130.3,Index,Quarterly,ABS
2019-06-30,Wage Price Index,130.8,Index,Quarterly,ABS
2019-09-30,Wage Price Index,132.0,Index,Quarterly,ABS
2019-12-31,Wage Price Index,132.6,Index,Quarterly,ABS
2020-03-31,Wage Price Index,133.1,Index,Quarterly,ABS
2020-06-30,Wage Price Index,133.0,Index,Quarterly,ABS
2020-09-30,Wage Price Index,133.7,Index,Quarterly,ABS
2020-12-31,Wage Price Index,134.4,Index,Quarterly,ABS
2021-03-31,Wage Price Index,135.1,Index,Quarterly,ABS
2021-06-30,Wage Price Index,135.5,Index,Quarterly,ABS
2021-09-30,Wage Price Index,136.8,Index,Quarterly,ABS
2021-12-31,Wage Price Index,137.6,Index,Quarterly,ABS
2022-03-31,Wage Price Index,138.3,Index,Quarterly,ABS
2022-06-30,Wage Price Index,139.2,Index,Quarterly,ABS
2022-09-30,Wage Price Index,141.5,Index,Quarterly,ABS
2022-12-31,Wage Price Index,142.6,Index,Quarterly,ABS
2023-03-31,Wage Price Index,143.6,Index,Quarterly,ABS
2023-06-30,Wage Price Index,144.5,Index,Quarterly,ABS
2023-09-30,Wage Price Index,147.5,Index,Quarterly,ABS
2023-12-31,Wage Price Index,148.6,Index,Quarterly,ABS
2024-03-31,Wage Price Index,149.5,Index,Quarterly,ABS
2024-06-30,Wage Price Index,150.4,Index,Quarterly,ABS
2024-09-30,Wage Price Index,152.6,Index,Quarterly,ABS
2024-12-31,Wage Price Index,153.6,Index,Quarterly,ABS
2025-03-31,Wage Price Index,154.5,Index,Quarterly,ABS
2025-06-30,Wage Price Index,155.4,Index,Quarterly,ABS
2025-09-30,Wage Price Index,157.6,Index,Quarterly,ABS
2025-12-31,Wage Price Index,158.7,Index,Quarterly,ABS
